user_id,first_name,last_name,email,password,token,code,verified,verified_at,created_at,updated_at,
12,Sharvil,Rane,sharvil.rane@cadmus.com,$2a$10$y8rYym3J1oSL.5pXGI2h5.4ls11VsKrntwQtVxsCNQEti./Xaj9Ga,NULL,NULL,1,2023-04-05 0.30,2023-04-05 0.30,2023-04-05 0.30,
13,Rakesh,Rane,rakesh.rane@cadmus.com,$2a$10$PUkYorIUOYZrG5xY1YmkK.Pv/vUhKO4RqqaEMWb.tjsV7KRq6jnwa,NULL,NULL,1,2023-04-07 23.52,2023-04-07 23.52,2023-04-07 23.52,
14,Shilpa,Rane,jerejad858@lieboe.com,$2a$10$7PhdcCW/Q9aG5.JgBsQY/Ok3GhIOFyQ6DFeMjiOZ4aq1siT9W4OIW,NULL,NULL,1,2023-04-17 19.14,2023-04-17 19.11,2023-04-17 19.14,
22,Sharat,Chandran,sharat.chandran@gmail.com,$2a$10$rr2Qn/DS7L0UyRFln3/Cx.tZDbYUSrwxGycoIcZ9vHaR2jV5ANtV2,NULL,NULL,1,2023-05-04 23.44,2023-05-04 23.44,2023-05-04 23.44,
23,Kajal,Mallick,kajal.mallick@gmail.com,$2a$10$baEPWBPnL0KhQSJGcYsYPOqlM9I.OVyOiNGoJvAd1FB191EeXpIru,NULL,NULL,1,2012-04-21 13.59,2012-04-21 13.54,2023-05-05 23.41,
24,Nahar,Singh,nahar.singh@gmail.com,$2a$10$Y0qQ.MUJftdrhmCM/A4KMuMRHMZYPMk90KxqIOKFEqppLXJuVdpRC,NULL,NULL,1,2017-08-23 02.58,2017-08-23 2.53,2023-05-05 4.46,
25,Kanika,Kathuria,kanika.kathuria@gmail.com,$2a$10$lnEj.pmq9dzJffQ1DlGw5enAMIz2VcCWdoDLH0s1gRQpcspHH2Kdu,NULL,NULL,1,2021-10-25 13.36,2021-10-25 13.31,2023-05-05 1.37,
26,Jyoti,Mathur,jyoti.mathur@gmail.com,$2a$10$5wexZbiBu0W2hKGgK3qGXe.dgGNWTKobijM13VUZxHfgRn34.qA1i,NULL,NULL,1,2020-11-28 14.21,2020-11-28 14.16,2023-05-05 4.48,
27,Maansingh,Aswal,maansingh.aswal@gmail.com,$2a$10$sRJ/EFg/IqaTVeUbaWbtWOLMojamNZ6Dc6zQAsRBkhr1seu2KNNaq,NULL,NULL,1,2011-05-22 22.41,2011-05-22 22.36,2023-05-05 18.51,
28,Priya,Jain,priya.jain@gmail.com,$2a$10$uEqH7.kMCcuwNctV0lXU1OeHHE0C7qfAiXVq9i6qyyENtJsze44Na,NULL,NULL,1,2010-09-28 03.36,2010-09-28 3.31,2023-05-05 15.35,
29,Vandana,Krishnamurthy,vandana.krishnamurthy@gmail.com,$2a$10$eFMim7Gp5yb4H1VMvgAAReDU47nnVtxzbgtnmWmlcOzyHkMhGNX72,NULL,NULL,1,2011-01-13 07.40,2011-01-13 7.35,2023-05-05 8.51,
30,Anjali,Juneja,anjali.juneja@gmail.com,$2a$10$d/utF86vagODD37hWsnThu2mvQKPbxWErGA9B0WP3x20LeL83SYxC,NULL,NULL,1,2023-01-11 23.07,2023-01-11 23.02,2023-05-05 3.08,
31,Tapas,Das,tapas.das@gmail.com,$2a$10$DgWS.ZwI7dMESvZO8hReV.0wOhDpCuJCQPGYgENat8LvPIqPghpnS,NULL,NULL,1,2015-12-15 15.25,2015-12-15 15.20,2023-05-05 12.20,
32,Vikash,Senger,vikash.senger@gmail.com,$2a$10$2CMCy0kaonx336PpEE5OHeY1ZMU63Aaa9/LoH4NYPkYhktb.1VVtC,NULL,NULL,1,2023-02-15 04.32,2023-02-15 4.27,2023-05-05 5.16,
33,Devinder,Chadda,devinder.chadda@gmail.com,$2a$10$gEynxDodZudxSp9Sdf0Pfuk0c/NxTolsrUkJ5WFJx38D1FI2seZlK,NULL,NULL,1,2021-03-17 04.25,2021-03-17 4.20,2023-05-05 16.36,
34,Yash,Mittal,yash.mittal@gmail.com,$2a$10$nTn4Xyl7JHPID0hp7JEi9.C6tOJoM6N9YG4ayPku8r2zB5bIU9lf2,NULL,NULL,1,2010-12-09 17.19,2010-12-09 17.14,2023-05-05 5.12,
35,Gajender,Singh,gajender.singh@gmail.com,$2a$10$/bXvq8QqpBDa0JabdSD8NOPyAnfdfmgr6htAbk723ABiKk/TMTBSe,NULL,NULL,1,2010-02-15 06.01,2010-02-15 5.56,2023-05-05 14.07,
36,Sanjay,Charee,sanjay.charee@gmail.com,$2a$10$LGvsxAYCRBYaZsrtSO8cS.jrj86Pj0tl8YXF7i8gMGBKzrcvp2Cza,NULL,NULL,1,2012-08-19 12.53,2012-08-19 12.48,2023-05-05 17.24,
37,Gurdeep,Kaur,gurdeep.kaur@gmail.com,$2a$10$XESMhp6MO1nsUPp8ARii1uJb9z4rWJ5hdv1wt5Y7DC37KTkrPSjmy,NULL,NULL,1,2011-10-28 09.34,2011-10-28 9.29,2023-05-05 19.00,
38,Vidhi,Kashyap,vidhi.kashyap@gmail.com,$2a$10$IExxRZJQghSgeAl7xv/P7OaVrgjShMFzD7y9gEVr2PF3vDjh2EBBO,NULL,NULL,1,2013-02-03 12.37,2013-02-03 12.32,2023-05-05 12.53,
39,Shelender,Yadav,shelender.yadav@gmail.com,$2a$10$L7Sy54SoGsvFicQ/S1Ec6uW8dRUVCh/16rtSDgDC7f.grG2eLdaWy,NULL,NULL,1,2014-11-29 18.12,2014-11-29 18.07,2023-05-05 6.06,
40,Pulkit,Sharma,pulkit.sharma@gmail.com,$2a$10$WCFZ1QtiWpmCj.Ec046iDevuyrH6aqhhpfbYoMihhUdIq16PRM7ue,NULL,NULL,1,2014-12-25 02.51,2014-12-25 2.46,2023-05-05 23.06,
41,Bhagwati,Prasad,bhagwati.prasad@gmail.com,$2a$10$Bl7LAay2gsjF7TNyQUpTfOrcTK07vLUoG7s.QWsiqfjRgNc6fYozW,NULL,NULL,1,2010-10-16 12.16,2010-10-16 12.11,2023-05-05 0.24,
42,Swati,Joshi,swati.joshi@gmail.com,$2a$10$AC5lvtmClrDxUP2Z3ge9NeF7xKI4OWKwjdSrSJATDMUilxOdTWmw.,NULL,NULL,1,2016-01-16 02.51,2016-01-16 2.46,2023-05-05 3.25,
43,Akhilesh,Pandit,akhilesh.pandit@gmail.com,$2a$10$q2Bazp/FGATEnrDJ5D7TqO7nJ4g/Fde.s4E51cu3eeFFQkV5zEVr6,NULL,NULL,1,2020-07-12 07.19,2020-07-12 7.14,2023-05-05 14.07,
44,Shajiya,Raghavan,shajiya.raghavan@gmail.com,$2a$10$Re8PYuQ0/44J93ieXxa6Rewts36QYwTT0flsH2QMcQSkJHchLi5rS,NULL,NULL,1,2015-03-29 23.12,2015-03-29 23.07,2023-05-05 22.05,
45,Kaushaliya,Rai,kaushaliya.rai@gmail.com,$2a$10$JfnJUWMJqcK0WpidbNKOXuKYN2rYu8/SeRVnofoizc/os6C.VSL76,NULL,NULL,1,2015-08-23 01.30,2015-08-23 1.25,2023-05-05 5.14,
46,Subhadra,Katoch,subhadra.katoch@gmail.com,$2a$10$YMY9cTKf9TZ/uoRU9oQuV.0hAVhqyZ47GhI8XDfqOQYboeEynM0sK,NULL,NULL,1,2019-06-01 05.57,2019-06-01 5.52,2023-05-05 10.09,
47,Anubhav,Shrivastab,anubhav.shrivastab@gmail.com,$2a$10$gh.w/wUM5SQBVY/mL2BAzewS/0hk8GI7a1NVAZSTPy1tpZNpvF5NO,NULL,NULL,1,2010-05-06 22.26,2010-05-06 22.21,2023-05-05 20.41,
48,Harsh,Dagar,harsh.dagar@gmail.com,$2a$10$KCIg2eX/iur8Iva5JlUwYuSQCoW8iRICvmWGYEK2uNkl1a1M/jhYG,NULL,NULL,1,2022-12-31 15.58,2022-12-31 15.53,2023-05-05 17.04,
49,Tina,Singal,tina.singal@gmail.com,$2a$10$yz1jYOXc1zrZ9nl7EGReq.I5smv9xPBkXKq0c1Pie0PR3hoQTL53W,NULL,NULL,1,2019-12-03 16.16,2019-12-03 16.11,2023-05-05 1.36,
50,Subhash,Jha,subhash.jha@gmail.com,$2a$10$q4X54I85AuJjsrzH0OQu3OV/ru4o6KsZR5qc89wqbRvnmXjhcB/mq,NULL,NULL,1,2017-03-03 04.02,2017-03-03 3.57,2023-05-05 19.31,
51,Sandeep,Meghawal,sandeep.meghawal@gmail.com,$2a$10$IdYAIAdQZTQ4s0otmsw9durFOQYcOdrtf5JVk5a9eFlXBzRaVlBAy,NULL,NULL,1,2012-07-12 20.52,2012-07-12 20.47,2023-05-05 9.49,
52,Hamida,Sen,hamida.sen@gmail.com,$2a$10$Ogg4ko6m/wdLHOb2u880ge7ry4AmKfrd4Y2BGiFhHlWQYERgGEPuC,NULL,NULL,1,2018-01-16 11.35,2018-01-16 11.30,2023-05-05 4.07,
53,Vipin,Garg,vipin.garg@gmail.com,$2a$10$Ov6kI2RM/UnoZCu9aID6Ou5eKUzcRI9f5WfTlNcaQsaoZBpP1dtp6,NULL,NULL,1,2016-04-03 09.43,2016-04-03 9.38,2023-05-05 20.25,
54,Anita,Zaveri,anita.zaveri@gmail.com,$2a$10$g9nqLjSw.ID7yZs1OGvv3uT6k./ddf7RNYhpi0DcyPJo5YrhQq92y,NULL,NULL,1,2013-01-17 20.59,2013-01-17 20.54,2023-05-05 2.56,
